Source,Title
NyTimes,Conservative Website First Funded AntiTrump Research by Firm That Later Produced Dossier
NyTimes,What to Know About the Dossier of Trump Research and Who Paid for It
NyTimes,Talking Points Brought to Trump Tower Meeting Were Shared With Kremlin
NyTimes,Trumps Latest Show Choosing a Fed Chairman
NyTimes,FBI Agents Faced Arrest and Ruin After Trying to Conceive a Child
NyTimes,In Virginia Governors Race Immigrants Turnout May Be Key
NyTimes,The LittleKnown Pragmatist Who Is Shaping the Trump Tax Cuts
NyTimes,Will Congress Ever Limit the ForeverExpanding 911 War
NyTimes,No Profit in Betsy DeVos
NyTimes,In JFK Files a Peek Back at an Era of Secrets and Intrigue
NyTimes,Trump Declares Journalists Children Cute but Hes Still Wary of Their Parents
NyTimes,Trump Urged Gag Order to Be Lifted on Federal Informant
NyTimes,Trump Plans to Shrink Two National Monuments in Utah
NyTimes,George HW Bush Apologizes After Women Accuse Him of Grabbing Them
NyTimes,The Governor Blocked Medicaid Expansion Now Maine Voters Could Overrule Him
NyTimes,To Help a Dreamer Why Do We Have to Hurt Her Cousin
NyTimes,In a MortgageCrisis Settlement Did a Bank Get Off Easy
NyTimes,Politicians Are Bad at Podcasting
NyTimes,How to Cut Child Poverty
NyTimes,A Sunday March This One Down the Aisle
NyTimes,Betsy DeVoss Schedule Shows Focus on Religious and Nontraditional Schools
NyTimes,Take a Look at DeVoss Calendar From February to July
NyTimes,Thank You Jeff Flake
NyTimes,Mark Cubans Not Done Trolling Donald Trump
NyTimes,FBI Agents Faced Arrest and Ruin After Trying to Conceive a Child
NyTimes,In Virginia Governors Race Immigrants Turnout May Be Key
NyTimes,The LittleKnown Pragmatist Who Is Shaping the Trump Tax Cuts
NyTimes,Will Congress Ever Limit the ForeverExpanding 911 War
NyTimes,No Profit in Betsy DeVos
NyTimes,In JFK Files a Peek Back at an Era of Secrets and Intrigue
NyTimes,Trump Declares Journalists Children Cute but Hes Still Wary of Their Parents
NyTimes,Trump Urged Gag Order to Be Lifted on Federal Informant
NyTimes,Trump Plans to Shrink Two National Monuments in Utah
NyTimes,George HW Bush Apologizes After Women Accuse Him of Grabbing Them
NyTimes,The Governor Blocked Medicaid Expansion Now Maine Voters Could Overrule Him
NyTimes,To Help a Dreamer Why Do We Have to Hurt Her Cousin
NyTimes,In a MortgageCrisis Settlement Did a Bank Get Off Easy
NyTimes,Politicians Are Bad at Podcasting
NyTimes,How to Cut Child Poverty
NyTimes,A Sunday March This One Down the Aisle
NyTimes,Betsy DeVoss Schedule Shows Focus on Religious and Nontraditional Schools
NyTimes,Take a Look at DeVoss Calendar From February to July
NyTimes,Thank You Jeff Flake
NyTimes,Mark Cubans Not Done Trolling Donald Trump
Breitbart,Paul SingerFunded Washington Free Beacon Behind Initial Fusion GPS Trump Effort
Breitbart,The Marco Rubio Connection Senator Dodges Questions About Megadonor Paul Singers Funding of AntiTrump Research Firm Behind Dossier
Breitbart,AntiTrump Dossier Original Funder Paul Singer an Open Borders Establishment Republican Billionaire
Breitbart,Flashback GOP Megadonor Paul Singer Rips Presidential Nominee Donald Trump
Breitbart,Clinton Campaigns Law Firm Paid Both Fusion GPS and CrowdStrike  the Lone Sources of Russian Hookers and Russian Hacking Claims
Breitbart,CNN First Charges Filed in Mueller Investigation
Breitbart,Graham If We Dont Get Meaningful Tax Reform Its Probably the End of the Republican Party As We Know It
Breitbart,Gorka on Uranium One Deal If This Had Happened in the 1950s There Would Be People Up on Treason Charges Right Now
Breitbart,Panetta Intel Committee Should Investigate Payments for Russia Dossier
Breitbart,Bananas CNN Contributor Hillary Clinton Spokesman Brian Fallon Falsely Compares Ed Gillespie to White Supremacists
Breitbart,Big Tech Trembles as Bannon Denounces Lords of Silicon Valley
Breitbart,State and Local Tax Deduction May Be Road Block to Tax Reform
Breitbart,Floodgates Open McConnell Ally Orrin Hatch Refuses to Deny Retirement Plans Report as Carpetbagger Mitt Romney Plots Senate Bid
Breitbart,Sen Elizabeth Warren Joins MeToo Campaign Portrays Professor She Once Praised as Sexual Predator
Breitbart,Appeaser Theresa Tells Small Businesses to Publish Gender Pay Gap Data to Improve Workplace Equality
Breitbart,President Trump Gives EO to Jump Start Commercial Drone Deliveries
Breitbart,Sen Patty Murray Blames Trump for Alleged Surge in Hate Bigotry Xenophobia Misogyny on Campus
Breitbart,5 Times Paul Singer Funded Globalist Nonsense Before the AntiTrump Dossier
Breitbart,Mark Cuban Hillary Got Crushed by a Movement
Breitbart,Report Kabul Embassy Staff Had Trump Pi√±ata Set for Hillary Victory
Breitbart,Tories Demand Church Make Clergy Less White and Male
Breitbart,Macron Star Activist Accused of Sexually Assaulting Parliament Staffer
Breitbart,The Too Real Story of How Fake Wrestling Figured Into the Kennedy Assassination Investigation
Breitbart,Jerry Brown Warns California Republicans Not to Vote for Tax Reform
Breitbart,Not Just House Conservatives Tom Cotton Says Senate Will Oppose Paul Ryans DACA Amnesty
Breitbart,Planned Parenthood Is Fighting to Keep Your Boss in Your Bed
Breitbart,Report Mueller Probes First Act Leak to CNN
Breitbart,I Was Going to Slit Her Throat Foreign National on Tourist Visa Accused of Trying to Kidnap Murder Baby
Breitbart,Big Tech Trembles as Bannon Denounces Lords of Silicon Valley
Breitbart,The Marco Rubio Connection Senator Dodges Questions About Megadonor Paul Singers Funding of AntiTrump Research Firm Behind Dossier
Breitbart,AntiTrump Dossier Original Funder Paul Singer an Open Borders Establishment Republican Billionaire
Breitbart,CNN First Charges Filed in Mueller Investigation
Breitbart,Flashback GOP Megadonor Paul Singer Rips Presidential Nominee Donald Trump
Breitbart,Historic Virginia Church Removes Plaques to George Washington Robert E LeeTo Be Welcoming
Breitbart,Professor Homicide Rate Not Affected by Gun Control on Private Sales
Breitbart,Paul SingerFunded Washington Free Beacon Behind Initial Fusion GPS Trump Effort
Breitbart,Virginias PaperofRecord Backs Ed Gillespie First Governor Pick Since 09
Breitbart,Poll Ed Gillespie Leads by Two Points Over Ralph Northam for Virginia Governor Race
Breitbart,Bananas CNN Contributor Hillary Clinton Spokesman Brian Fallon Falsely Compares Ed Gillespie to White Supremacists
Breitbart,Top Mexican Drug Lord Arrested in US
Breitbart,Jewish Republicans Excoriate Mitch McConnell Josh Holmes Senate Leadership Fund for Running Hillary Clinton Playbook Against Steve Bannon
Breitbart,Jared Kushners Brother Writes OpEd Criticizing Trump Administrations Obamacare Efforts
Breitbart,Clinton Campaigns Law Firm Brought In Both Fusion GPS and CrowdStrike  the Lone Sources of Russian Hookers and Russian Hacking Claims
Huffington,DONALD TRUMP
Huffington,RICHARD SPENCER
Huffington,TRUMP ADMINISTRATION
Huffington,US DEPARTMENT OF JUSTICE
Huffington,HEALTH CARE
Huffington,Daniel Baldwin And Addiction Recovery Activists To Trump Were Getting Political
Huffington,Jeff Sessions Incredible Shrinking Russia Denial
Huffington,Rex Tillersons Joke About A Statue Actually Made People Feel Sad For Him
Huffington,JFK Files Dont Make The Details Of His Assassination Any Less Mysterious
Huffington,St Louis Commits To 100 Percent Renewable Energy By 2035
Huffington,Children And The Opioid Crisis
Huffington,This Is How Much Trumps Obamacare Sabotage Increased Health Insurance Costs
Huffington,Hurricane Harvey Drove Houstons Undocumented Population Further Underground
Huffington,Facebook Reveals New Details About Its SelfImposed Political Ad Disclosure Policy
Huffington,The Nuisance Of Nuance One Presidents Doubling Down On The Dumbing Down Of American Politics
Huffington,Steve Bannon Aims To Expose Bankrupt Hollywood With New Breitbart War
Huffington,1 Month Since Maria Hit Puerto Rico Trump Must Commit To LongTerm Recovery
Huffington,Report First Charges Filed In Muellers Russia Probe
Huffington,Why Nazis And White Supremacists Are Putting The Fear In Middle Tennessee This Weekend
Huffington,Donald Trump Met Reporters Kids And It Was More Trick Than Treat
Huffington,Trump Its Commonly Agreed Clinton Not Me Colluded With The Russians
Huffington,White House All The Women Who Say Trump Sexually Harassed Them Are Liars
Huffington,On New Jerseys Bayshore Waiting For A PostSandy Recovery That Never Came
Huffington,Barack Obama Plans To Serve America Again This Time In The Courthouse
Huffington,FEMA We Have Significant Concerns Over Whitefish Contract In Puerto Rico
Huffington,California Rep Jackie Speier Launches MeTooCongress
Huffington,Texans Owner On NFL Protests We Cant Have Inmates Running The Prison
Huffington,Pharma Execs Made A Rap Video In Which They Danced With A Giant Bottle Of Fentanyl Spray
Huffington,Coloradans Who Deregistered After Trump Request For Voter Data Arent Signing Up Again
Huffington,Virginias GOP Governor Hopeful Takes Aim At Voting Rights Again
Huffington,Meet The Young People Trying To Make Sure Detroits Rebirth Works For Everybody
Huffington,Trump Lashes Out After Liberal Billionaire Funds Scathing Impeachment Ads
Huffington,For Trump Words Are Stupid Things
Huffington,Conservative Think Tank Urged EPA To Consider Convicted Child Sex Offender For Climate Panel
Huffington,Have We Reached Trumps Tipping Point
Huffington,People Think Trump Wrote This Letter Hailing Trumps Great Respect For Women
Fox,Mueller facing new Republican pressure to resign in Russia probe
Fox,Mark Zuckerberg and liberals seek to weaken bail system that keeps us safe
Fox,Trump vows to release ALL JFK files after bending to intelligence groups he mistrusts
Fox,Hillary Clintons ties to Russian uranium deal largely ignored by antiTrump media and other media disasters
Fox,Mueller probe into possible collusion with Russia nets first charges report
Fox,Corker doesnt rule out challenging Trump in 2020 Republican primary
Fox,Florida Senates top Democrat resigns after admitting affair
Fox,Mattis US will not accept a nuclear North Korea
Fox,Obama called for jury duty in Chicago
Fox,Conservative website funded initial Fusion GPS Trump opposition effort
Fox,Trump to shrink two Utah national monuments senator says
Fox,Zinke I had absolutely nothing to do with Montana company getting 300 million contract
Fox,Niger attack reignites debate over military authorization What to know about AUMF
Fox,State Department warns against business with Russian firms
Fox,Top DOJ official Dana Boente resigns
Fox,Newt Gingrich The Clintons started the socalled Russian collusion scandal and may be destroyed by it
Fox,Dr Marc Siegel Health insurers earn billions while patients and doctors suffer under ObamaCare
Fox,Presenting your 2018 Senate depth chart
Fox,Virginia governors race Gillespie slams Dems for smear tying him to Charlottesville violence
Fox,Schumer threatens to block Trump Commerce nominees over China trade probe delay
Fox,Joy Villa mulls a run for Congress What to know about the proTrump singer
